{"name": "BitmaskDurationGA", "config": {"evaluations": 2500, "eval_time_limit": 600, "pop_size": 20, "cx_prob": 0.9, "mt_prob": 0.05, "steady_state": true, "seed": 1234}, "best_individual": [[[true, false, false, true], 40.93300817933229], [[false, true, true, false], 47.01384876517311], [[false, true, true, true], 36.98788793707628], [[false, false, true, true], 27.31089514238868], [[false, true, false, true], 44.97143117046992], [[false, false, false, true], 37.410803609415666], [[false, false, true, true], 26.410320818444156], [[false, true, false, true], 44.97143117046992], [[false, false, false, true], 37.410803609415666], [[false, false, true, true], 26.410320818444156], [[false, true, true, true], 18.555432944728707], [[false, false, true, false], 27.622203598170604], [[false, true, true, true], 25.79962888312967], [[true, true, false, false], 25.090148852559405], [[false, false, false, false], 21.051232062723635], [[false, true, false, false], 42.05380672085835], [[false, false, true, true], 41.76241561049675], [[true, true, false, false], 49.20675049689014], [[false, false, true, false], 23.223469723121]], "best_fitness": 8.5, "average_fitness": 5.005000000000001}